time_run, map, map_generator, path_a_failed, path_a_dist, path_a_time, path_b_failed, path_b_dist, path_b_time, path_c_failed, path_c_dist, path_c_time, path_d_failed, path_d_dist, path_d_time, total_dist, total_time
1600378505.46, easy_loop, ground_truth, False, 2.88469344092, 19.5701961517, False, 2.05643286827, 15.4685950279, False, 3.18975602061, 22.6812360287, False, 2.86656580352, 22.6731359959, 10.9974481333, 80.3942489624
1600378642.76, easy_loop, ground_truth, False, 2.29857240763, 19.5446679592, False, 2.24825874872, 16.029102087, False, 3.05821197716, 22.1732661724, False, 2.79393651837, 22.4276678562, 10.3989796519, 80.175481081
